{"stats":{"minecraft:killed_by":{"minecraft:skeleton":1},"minecraft:custom":{"minecraft:jump":51,"minecraft:time_since_rest":6017,"minecraft:damage_dealt":114,"minecraft:leave_game":1,"minecraft:deaths":1,"minecraft:sprint_one_cm":3056,"minecraft:play_time":6812,"minecraft:damage_taken":356,"minecraft:time_since_death":5938,"minecraft:walk_one_cm":4580,"minecraft:total_world_time":6812,"minecraft:fall_one_cm":3473,"minecraft:fly_one_cm":3170},"minecraft:mined":{"minecraft:dirt":1},"minecraft:used":{"minecraft:dirt":1},"minecraft:picked_up":{"minecraft:dirt":2}},"DataVersion":3953}