{"stats":{"minecraft:custom":{"minecraft:jump":19,"minecraft:time_since_rest":1284,"minecraft:leave_game":1,"minecraft:sprint_one_cm":2651,"minecraft:play_time":1284,"minecraft:damage_taken":20,"minecraft:time_since_death":1284,"minecraft:walk_one_cm":1328,"minecraft:total_world_time":1284,"minecraft:fall_one_cm":902,"minecraft:fly_one_cm":1013},"minecraft:picked_up":{"minecraft:oak_sapling":1,"minecraft:dirt":6},"minecraft:mined":{"minecraft:grass_block":5,"minecraft:oak_leaves":4,"minecraft:dirt":1}},"DataVersion":3953}