{"stats":{"minecraft:used":{"minecraft:dirt":9},"minecraft:mined":{"minecraft:short_grass":1,"minecraft:grass_block":5,"minecraft:spruce_leaves":14,"minecraft:dirt":4},"minecraft:custom":{"minecraft:jump":37,"minecraft:deaths":1,"minecraft:time_since_rest":900,"minecraft:leave_game":3,"minecraft:play_time":7244,"minecraft:crouch_one_cm":1474,"minecraft:sprint_one_cm":3461,"minecraft:damage_taken":240,"minecraft:time_since_death":0,"minecraft:walk_one_cm":5238,"minecraft:sneak_time":326,"minecraft:total_world_time":7244,"minecraft:fall_one_cm":5032,"minecraft:fly_one_cm":3781},"minecraft:picked_up":{"minecraft:stick":1,"minecraft:dirt":9}},"DataVersion":3953}