{"stats":{"minecraft:killed":{"minecraft:sheep":2},"minecraft:killed_by":{"minecraft:zombie":1},"minecraft:custom":{"minecraft:jump":138,"minecraft:deaths":1,"minecraft:time_since_rest":2728,"minecraft:leave_game":2,"minecraft:damage_dealt":266,"minecraft:crouch_one_cm":562,"minecraft:sprint_one_cm":5931,"minecraft:play_time":6035,"minecraft:damage_taken":265,"minecraft:time_since_death":2700,"minecraft:walk_one_cm":11590,"minecraft:sneak_time":297,"minecraft:total_world_time":6035,"minecraft:mob_kills":2,"minecraft:fly_one_cm":12678,"minecraft:fall_one_cm":7406},"minecraft:mined":{"minecraft:grass_block":4,"minecraft:dirt":1},"minecraft:used":{"minecraft:dirt":4},"minecraft:picked_up":{"minecraft:mutton":4,"minecraft:dirt":4,"minecraft:white_wool":3}},"DataVersion":3953}