{"stats":{"minecraft:mined":{"minecraft:grass_block":3,"minecraft:dirt":1},"minecraft:custom":{"minecraft:jump":86,"minecraft:time_since_rest":2090,"minecraft:leave_game":1,"minecraft:damage_dealt":141,"minecraft:crouch_one_cm":233,"minecraft:sprint_one_cm":3340,"minecraft:play_time":2090,"minecraft:damage_taken":230,"minecraft:time_since_death":2090,"minecraft:walk_one_cm":5776,"minecraft:sneak_time":53,"minecraft:total_world_time":2090,"minecraft:mob_kills":1,"minecraft:fall_one_cm":5697,"minecraft:fly_one_cm":10265},"minecraft:picked_up":{"minecraft:mutton":1,"minecraft:dirt":4,"minecraft:white_wool":1},"minecraft:used":{"minecraft:dirt":4},"minecraft:killed":{"minecraft:sheep":1}},"DataVersion":3953}